{"cameraMode":{"drawMode":0,"name":"Shaded","section":"Shading Mode"},"sceneLighting":true,"audioPlay":false,"sceneViewState":{"showFog":true,"showMaterialUpdate":false,"showSkybox":true,"showFlares":true,"showImageEffects":true,"showParticleSystems":true},"in2DMode":false,"pivot":{"x":0.7455710172653198,"y":0.5186827778816223,"z":9.880128860473633},"rotation":{"x":-0.161599263548851,"y":0.01094982959330082,"z":-0.0018120994791388512,"w":-0.986863911151886},"size":14.981888771057129,"orthographic":false}